Model,Accuracy,Recall
Logistic Regression,0.757906843013226,0.7038724373576309
Linear Regression,0.7406555491661875,0.6845102505694761
